{"all":{"N":202,"sum":{"millis":99136000,"span":{"hours":27,"minutes":32,"seconds":16,"millis":0}},"average":{"millis":490772.27722772275,"span":{"hours":0,"minutes":8,"seconds":10,"millis":772.2772277227486}},"stdev":{"millis":117007.31779896002,"span":{"hours":0,"minutes":1,"seconds":57,"millis":7.317798960022628}}},"trailing":{"N":95,"sum":{"millis":39609000,"span":{"hours":11,"minutes":0,"seconds":9,"millis":0}},"average":{"millis":416936.84210526315,"span":{"hours":0,"minutes":6,"seconds":56,"millis":936.8421052631456}},"stdev":{"millis":123321.27966800053,"span":{"hours":0,"minutes":2,"seconds":3,"millis":321.2796680005267}}},"trending":{"deltaAvg":-73835.4351224596,"percentDeltaAvg":-15.044744487105431,"deltaAvgPercentStdev":-0.6310326269449437,"message":"Cruise control"}}